HoldingDetailID,LocationID,TrustFundID,HoldingDetailTypeID,CountyID,SpecificLocation,LegalDescription,Interest,Acres,BeginDate,EndDate,SoldDate,Acquisition,TitleOpinion,HistoricalLeaseNumber,UserCreated,DateCreated,UserModified,DateModified,Description,OtherAgencyID,TopLeaseAcres,ApprovedforProd,GISGlobalId,Section,Township,TownshipDirection,Range,RangeDirection,Meridian,STRM,QuarterDescription,STRMQ,Legal_Description
0A2DD5AF-9296-E011-82A2-00155D28E806,02D1E139-087C-E011-9CF3-00155D960C0A,5,4,34,NE,NENW,1.0,39.98,00:00.0,,,F,279,,ADMIN,29:19.8,ADMIN,29:19.8,Imported Location || LOT 3=NE/4 NW/4=39.98 ACRES,,0.0,,,1.0,4.0,S,5.0,W,17,0104S05WIM,NW,0104S05WIM NW,NENW
0B2DD5AF-9296-E011-82A2-00155D28E806,02D1E139-087C-E011-9CF3-00155D960C0A,5,4,34,NW,NWNW,1.0,39.96,00:00.0,,,F,279,,ADMIN,29:19.8,ADMIN,29:19.8,Imported Location || LOT 4=NW/4 NW/4=39.96 ACRES,,0.0,,,1.0,4.0,S,5.0,W,17,0104S05WIM,NW,0104S05WIM NW,NWNW
59A94EB0-9296-E011-82A2-00155D28E806,F3ECE139-087C-E011-9CF3-00155D960C0A,5,4,5,SW,SWNW,0.5,37.4,00:00.0,,,G,NONE,,ADMIN,29:19.8,ADMIN,29:19.8,Imported Location || LOT 2=SW/4 NW/4=37.40 ACRES,,0.0,,,30.0,8.0,N,24.0,W,17,3008N24WIM,NW,3008N24WIM NW,SWNW
15AC4EB0-9296-E011-82A2-00155D28E806,BBD9E139-087C-E011-9CF3-00155D960C0A,5,4,13,SW,SWNW,1.0,39.29,00:00.0,,,G,2340,,ADMIN,29:19.8,ADMIN,29:19.8,Imported Location || LOT 2=SW/4 NW/4=39.29 ACRES,,0.0,,,18.0,5.0,N,3.0,E,11,1805N03ECM,NW,1805N03ECM NW,SWNW
16AC4EB0-9296-E011-82A2-00155D28E806,E1E7E139-087C-E011-9CF3-00155D960C0A,5,4,13,SW,SWNW,1.0,40.01,00:00.0,,,G,1443,,ADMIN,29:19.8,ADMIN,29:19.8,Imported Location || LOT 2=SW/4 NW/4=40.01 ACRES,,0.0,,,18.0,5.0,N,6.0,E,11,1805N06ECM,NW,1805N06ECM NW,SWNW
17AC4EB0-9296-E011-82A2-00155D28E806,CAD9E139-087C-E011-9CF3-00155D960C0A,5,4,13,SW,SWNW,1.0,38.36,00:00.0,,,G,187-F,,ADMIN,29:19.8,Sfleming,02:30.9,Imported Location || LOT 2=SW/4 NW/4=38.36 ACRES,,0.0,,,18.0,6.0,N,6.0,E,11,1806N06ECM,NW,1806N06ECM NW,SWNW
18AC4EB0-9296-E011-82A2-00155D28E806,28DAE139-087C-E011-9CF3-00155D960C0A,5,4,13,SW,SWNW,1.0,39.2,00:00.0,,,G,2339,,ADMIN,29:19.8,ADMIN,29:19.8,Imported Location || LOT 2=SW/4 NW/4=39.20 ACRES,,0.0,,,19.0,5.0,N,3.0,E,11,1905N03ECM,NW,1905N03ECM NW,SWNW
19AC4EB0-9296-E011-82A2-00155D28E806,6451D821-E47B-E011-9CF3-00155D960C0A,5,4,13,SW,SWNW,1.0,40.03,00:00.0,,,G,1250-A,,ADMIN,29:19.8,ADMIN,29:19.8,"From Square in Boise City, 12 miles North and 3 miles East || LOT 2=SW/4 NW/4=40.03 ACRES",,0.0,,,19.0,5.0,N,6.0,E,11,1905N06ECM,NW,1905N06ECM NW,SWNW
1AAC4EB0-9296-E011-82A2-00155D28E806,31DAE139-087C-E011-9CF3-00155D960C0A,5,4,13,SW,SWNW,1.0,38.82,00:00.0,,,G,187-G,,ADMIN,29:19.8,ADMIN,29:19.8,Imported Location || LOT 2=SW/4 NW/4=38.82 ACRES,,0.0,,,19.0,6.0,N,6.0,E,11,1906N06ECM,NW,1906N06ECM NW,SWNW
43AC4EB0-9296-E011-82A2-00155D28E806,DF4FD821-E47B-E011-9CF3-00155D960C0A,5,4,13,SW,SWNW,1.0,35.78,00:00.0,,,G,NONE,,ADMIN,29:19.8,ADMIN,29:19.8,"From Wheeless, 4 miles West and 2 miles North || LOT 2=SW/4 NW/4=35.78 ACRES",,0.0,,,30.0,4.0,N,1.0,E,11,3004N01ECM,NW,3004N01ECM NW,SWNW
44AC4EB0-9296-E011-82A2-00155D28E806,ABDEE139-087C-E011-9CF3-00155D960C0A,5,4,13,SW,SWNW,1.0,39.26,00:00.0,,,G,187-M,,ADMIN,29:19.8,ADMIN,29:19.8,Imported Location || LOT 2=SW/4 NW/4=39.26 ACRES,,0.0,,,30.0,6.0,N,6.0,E,11,3006N06ECM,NW,3006N06ECM NW,SWNW
45AC4EB0-9296-E011-82A2-00155D28E806,2BEDE139-087C-E011-9CF3-00155D960C0A,5,4,13,SW,SWNW,1.0,35.37,00:00.0,,,G,NONE,,ADMIN,29:19.8,ADMIN,29:19.8,Imported Location || LOT 2=SW/4 NW/4=35.37 ACRES,,0.0,,,31.0,4.0,N,1.0,E,11,3104N01ECM,NW,3104N01ECM NW,SWNW
46AC4EB0-9296-E011-82A2-00155D28E806,32EDE139-087C-E011-9CF3-00155D960C0A,5,4,13,SW,SWNW,1.0,39.82,00:00.0,,,G,44-G,,ADMIN,29:19.8,ADMIN,29:19.8,Imported Location || LOT 2=SW/4 NW/4=39.82 ACRES,,0.0,,,31.0,5.0,N,3.0,E,11,3105N03ECM,NW,3105N03ECM NW,SWNW
47AC4EB0-9296-E011-82A2-00155D28E806,35EDE139-087C-E011-9CF3-00155D960C0A,5,4,13,SW,SWNW,1.0,40.05,00:00.0,,,G,1443-A,,ADMIN,29:19.8,ADMIN,29:19.8,Imported Location || LOT 2=SW/4 NW/4=40.05 ACRES,,0.0,,,31.0,5.0,N,6.0,E,11,3105N06ECM,NW,3105N06ECM NW,SWNW
48AC4EB0-9296-E011-82A2-00155D28E806,DC51D821-E47B-E011-9CF3-00155D960C0A,5,4,13,SW,SWNW,1.0,39.78,00:00.0,,,G,187-N,,ADMIN,29:19.8,ADMIN,29:19.8,"From square in Boise City, 14 miles North and 3 1/2 miles East || LOT 2=SW/4 NW/4=39.78 ACRES",,0.0,,,31.0,6.0,N,6.0,E,11,3106N06ECM,NW,3106N06ECM NW,SWNW
FDAC4EB0-9296-E011-82A2-00155D28E806,60E2E139-087C-E011-9CF3-00155D960C0A,5,4,13,SW,SWSW,1.0,36.54,00:00.0,,,G,21-E,,ADMIN,29:19.8,ADMIN,29:19.8,Imported Location || LOT 7=SW/4 SW/4=36.54 ACRES,,0.0,,,6.0,2.0,N,2.0,E,11,0602N02ECM,SW,0602N02ECM SW,SWSW
FEAC4EB0-9296-E011-82A2-00155D28E806,70D4E139-087C-E011-9CF3-00155D960C0A,5,4,13,SW,SWSW,1.0,39.34,00:00.0,,,G,1285,,ADMIN,29:19.8,ADMIN,29:19.8,Imported Location || LOT 4=SW/4 SW/4=39.34 ACRES,,0.0,,,7.0,5.0,N,3.0,E,11,0705N03ECM,SW,0705N03ECM SW,SWSW
FFAC4EB0-9296-E011-82A2-00155D28E806,76D4E139-087C-E011-9CF3-00155D960C0A,5,4,13,SW,SWSW,1.0,40.0,00:00.0,,,G,2068,,ADMIN,29:19.8,Sfleming,11:44.3,Imported Location || LOT 4=SW/4 SW/4=40.00 ACRES,,0.0,,,7.0,5.0,N,6.0,E,11,0705N06ECM,SW,0705N06ECM SW,SWSW
00AD4EB0-9296-E011-82A2-00155D28E806,E1E2E139-087C-E011-9CF3-00155D960C0A,5,4,13,SW,SWSW,1.0,39.48,00:00.0,,,G,NONE,,ADMIN,29:19.8,ADMIN,29:19.8,Imported Location || LOT 5=SW/4 SW/4=39.48 ACRES,,0.0,,,7.0,6.0,N,3.0,E,11,0706N03ECM,SW,0706N03ECM SW,SWSW
20AD4EB0-9296-E011-82A2-00155D28E806,BCD9E139-087C-E011-9CF3-00155D960C0A,5,4,13,SW,SWSW,1.0,39.14,00:00.0,,,G,2340,,ADMIN,29:19.8,ADMIN,29:19.8,Imported Location || LOT 4=SW/4 SW/4=39.14 ACRES,,0.0,,,18.0,5.0,N,3.0,E,11,1805N03ECM,SW,1805N03ECM SW,SWSW
21AD4EB0-9296-E011-82A2-00155D28E806,6051D821-E47B-E011-9CF3-00155D960C0A,5,4,13,SW,SWSW,1.0,40.05,00:00.0,,,G,1443,,ADMIN,29:19.8,ADMIN,29:19.8,"From Square in Boise City, 12 miles North and 3 miles East || LOT 4=SW/4 SW/4=40.05 ACRES",,0.0,,,18.0,5.0,N,6.0,E,11,1805N06ECM,SW,1805N06ECM SW,SWSW
22AD4EB0-9296-E011-82A2-00155D28E806,EAE7E139-087C-E011-9CF3-00155D960C0A,5,4,13,SW,SWSW,1.0,38.58,00:00.0,,,G,187-F,,ADMIN,29:19.8,ADMIN,29:19.8,Imported Location || LOT 4=SW/4 SW/4=38.58 ACRES,,0.0,,,18.0,6.0,N,6.0,E,11,1806N06ECM,SW,1806N06ECM SW,SWSW
23AD4EB0-9296-E011-82A2-00155D28E806,29DAE139-087C-E011-9CF3-00155D960C0A,5,4,13,SW,SWSW,1.0,39.32,00:00.0,,,G,2339,,ADMIN,29:19.8,ADMIN,29:19.8,Imported Location || LOT 4=SW/4 SW/4=39.32 ACRES,,0.0,,,19.0,5.0,N,3.0,E,11,1905N03ECM,SW,1905N03ECM SW,SWSW
24AD4EB0-9296-E011-82A2-00155D28E806,57E8E139-087C-E011-9CF3-00155D960C0A,5,4,13,SW,SWSW,1.0,40.0,00:00.0,,,G,1250-A,,ADMIN,29:19.8,ADMIN,29:19.8,Imported Location || LOT 4=SW/4 SW/4=40 ACRES,,0.0,,,19.0,5.0,N,6.0,E,11,1905N06ECM,SW,1905N06ECM SW,SWSW
25AD4EB0-9296-E011-82A2-00155D28E806,61E8E139-087C-E011-9CF3-00155D960C0A,5,4,13,SW,SWSW,1.0,39.04,00:00.0,,,G,187-G,,ADMIN,29:19.8,ADMIN,29:19.8,Imported Location || LOT 4=SW/4 SW/4=39.04 ACRES,,0.0,,,19.0,6.0,N,6.0,E,11,1906N06ECM,SW,1906N06ECM SW,SWSW
4BAD4EB0-9296-E011-82A2-00155D28E806,D5ECE139-087C-E011-9CF3-00155D960C0A,5,4,13,SW,SWSW,1.0,35.62,00:00.0,,,G,NONE,,ADMIN,29:19.8,ADMIN,29:19.8,Imported Location || LOT 4=SW/4 SW/4=35.62 ACRES,,0.0,,,30.0,4.0,N,1.0,E,11,3004N01ECM,SW,3004N01ECM SW,SWSW
4CAD4EB0-9296-E011-82A2-00155D28E806,DEECE139-087C-E011-9CF3-00155D960C0A,5,4,13,SW,SWSW,1.0,39.66,00:00.0,,,G,44-F,,ADMIN,29:19.8,ADMIN,29:19.8,Imported Location || LOT 4=SW/4 SW/4=39.66 ACRES,,0.0,,,30.0,5.0,N,3.0,E,11,3005N03ECM,SW,3005N03ECM SW,SWSW
4DAD4EB0-9296-E011-82A2-00155D28E806,ADDEE139-087C-E011-9CF3-00155D960C0A,5,4,13,SW,SWSW,1.0,39.49,00:00.0,,,G,187-M,,ADMIN,29:19.8,Sfleming,11:59.7,Imported Location || LOT 4=SW/4 SW/4=39.49 ACRES,,0.0,,,30.0,6.0,N,6.0,E,11,3006N06ECM,SW,3006N06ECM SW,SWSW
4EAD4EB0-9296-E011-82A2-00155D28E806,2DEDE139-087C-E011-9CF3-00155D960C0A,5,4,13,SW,SWSW,1.0,35.25,00:00.0,,,G,NONE,,ADMIN,29:19.8,ADMIN,29:19.8,Imported Location || LOT 4=SW/4 SW/4=35.25 ACRES,,0.0,,,31.0,4.0,N,1.0,E,11,3104N01ECM,SW,3104N01ECM SW,SWSW
4FAD4EB0-9296-E011-82A2-00155D28E806,33EDE139-087C-E011-9CF3-00155D960C0A,5,4,13,SW,SWSW,1.0,39.98,00:00.0,,,G,44-G,,ADMIN,29:19.8,ADMIN,29:19.8,Imported Location || LOT 4=SW/4 SW/4=39.98 ACRES,,0.0,,,31.0,5.0,N,3.0,E,11,3105N03ECM,SW,3105N03ECM SW,SWSW
50AD4EB0-9296-E011-82A2-00155D28E806,0DDFE139-087C-E011-9CF3-00155D960C0A,5,4,13,SW,SWSW,1.0,40.01,00:00.0,,,G,1443-A,,ADMIN,29:19.8,ADMIN,29:19.8,Imported Location || LOT 4=SW/4 SW/4=40.01 ACRES,,0.0,,,31.0,5.0,N,6.0,E,11,3105N06ECM,SW,3105N06ECM SW,SWSW
51AD4EB0-9296-E011-82A2-00155D28E806,DE51D821-E47B-E011-9CF3-00155D960C0A,5,4,13,SW,SWSW,1.0,40.1,00:00.0,,,G,187-N,,ADMIN,29:19.8,ADMIN,29:19.8,"From square in Boise City, 14 miles North and 3 1/2 miles East || LOT 4=SW/4 SW/4=40.10 ACRES",,0.0,,,31.0,6.0,N,6.0,E,11,3106N06ECM,SW,3106N06ECM SW,SWSW
70B84EB0-9296-E011-82A2-00155D28E806,2F50D821-E47B-E011-9CF3-00155D960C0A,5,4,13,NE,NENE,1.0,40.06,00:00.0,,,G,NONE,,ADMIN,29:19.8,ADMIN,29:19.8,"From Kenton, 10 miles East || LOT 1=NE/4 NE/4=40.06 ACRES",,0.0,,,1.0,5.0,N,1.0,E,11,0105N01ECM,NE,0105N01ECM NE,NENE
71B84EB0-9296-E011-82A2-00155D28E806,6450D821-E47B-E011-9CF3-00155D960C0A,5,4,13,NE,NENE,1.0,40.12,00:00.0,,,G,2336,,ADMIN,29:19.8,ADMIN,29:19.8,"From Square in Boise City, 14 miles North and 18 miles West || LOT 1=NE/4 NE/4=40.12 ACRES",,0.0,,,1.0,5.0,N,3.0,E,11,0105N03ECM,NE,0105N03ECM NE,NENE
72B84EB0-9296-E011-82A2-00155D28E806,5850D821-E47B-E011-9CF3-00155D960C0A,5,4,13,NE,NENE,1.0,37.02,00:00.0,,,G,2361,,ADMIN,29:19.8,ADMIN,29:19.8,"From Square in Boise City, 4 miles North, 7 miles West and 6 miles North and West || LOT 1=NE/4 NE/4=37.02 ACRES",,0.0,,,3.0,4.0,N,3.0,E,11,0304N03ECM,NE,0304N03ECM NE,NENE
73B84EB0-9296-E011-82A2-00155D28E806,4A50D821-E47B-E011-9CF3-00155D960C0A,5,4,13,NE,NENE,1.0,40.54,00:00.0,,,G,NONE,,ADMIN,29:19.8,ADMIN,29:19.8,"From Kenton, 2-1/2 miles East and 2-1/2 North, isolated. || LOT 1=NE/4 NE/4=40.54 ACRES",,0.0,,,4.0,5.0,N,1.0,E,11,0405N01ECM,NE,0405N01ECM NE,NENE
75B84EB0-9296-E011-82A2-00155D28E806,5DD3E139-087C-E011-9CF3-00155D960C0A,5,4,13,NE,NENE,1.0,39.81,00:00.0,,,G,21-E,,ADMIN,29:19.8,ADMIN,29:19.8,Imported Location || LOT 1=NE/4 NE/4=39.81 ACRES,,0.0,,,6.0,2.0,N,2.0,E,11,0602N02ECM,NE,0602N02ECM NE,NENE
76B84EB0-9296-E011-82A2-00155D28E806,BC50D821-E47B-E011-9CF3-00155D960C0A,5,4,13,NE,NENE,1.0,41.22,00:00.0,,,G,1284-B,,ADMIN,29:19.8,ADMIN,29:19.8,"From Kenton, 8 miles East, 4 miles North, 2 miles East and 2 miles North || LOT 1=NE/4 NE/4=41.22 ACRES",,0.0,,,6.0,5.0,N,3.0,E,11,0605N03ECM,NE,0605N03ECM NE,NENE
77B84EB0-9296-E011-82A2-00155D28E806,6851D821-E47B-E011-9CF3-00155D960C0A,5,4,13,NE,NENE,1.0,39.88,00:00.0,,,G,2067,,ADMIN,29:19.8,ADMIN,29:19.8,"From Square in Boise City, 12 miles North and 3 miles East || LOT 1=NE/4 NE/4=39.88 ACRES",,0.0,,,6.0,5.0,N,6.0,E,11,0605N06ECM,NE,0605N06ECM NE,NENE
D4B84EB0-9296-E011-82A2-00155D28E806,4550D821-E47B-E011-9CF3-00155D960C0A,5,4,13,NE,NENW,1.0,40.3,00:00.0,,,G,NONE,,ADMIN,29:19.8,ADMIN,29:19.8,"From Kenton, 2-1/2 miles East and 2-1/2 North, isolated. || LOT 3=NE/4 NW/4=40.30 ACRES",,0.0,,,1.0,5.0,N,1.0,E,11,0105N01ECM,NW,0105N01ECM NW,NENW
D5B84EB0-9296-E011-82A2-00155D28E806,A1D3E139-087C-E011-9CF3-00155D960C0A,5,4,13,NE,NENW,1.0,37.1,00:00.0,,,G,2361,,ADMIN,29:19.8,ADMIN,29:19.8,Imported Location || LOT 3=NE/4 NW/4=37.10 ACRES,,0.0,,,3.0,4.0,N,3.0,E,11,0304N03ECM,NW,0304N03ECM NW,NENW
D6B84EB0-9296-E011-82A2-00155D28E806,4850D821-E47B-E011-9CF3-00155D960C0A,5,4,13,NE,NENW,1.0,40.5,00:00.0,,,G,NONE,,ADMIN,29:19.8,ADMIN,29:19.8,"From Kenton, 2-1/2 miles East and 2-1/2 North, isolated. || LOT 3=NE/4 NW/4=40.5 ACRES",,0.0,,,3.0,5.0,N,1.0,E,11,0305N01ECM,NW,0305N01ECM NW,NENW
D7B84EB0-9296-E011-82A2-00155D28E806,4E51D821-E47B-E011-9CF3-00155D960C0A,5,4,13,NE,NENW,1.0,39.87,00:00.0,,,G,2065,,ADMIN,29:19.8,ADMIN,29:19.8,"From Square in Boise City, 12 miles North and 3 miles East || LOT 3=NE/4 NW/4=39.87 ACRES",,0.0,,,4.0,5.0,N,6.0,E,11,0405N06ECM,NW,0405N06ECM NW,NENW
D9B84EB0-9296-E011-82A2-00155D28E806,C64FD821-E47B-E011-9CF3-00155D960C0A,5,4,13,NE,NENW,1.0,39.88,00:00.0,,,G,NONE,,ADMIN,29:19.8,ADMIN,29:19.8,"From Wheeless, 4 miles West and 2 miles North || LOT 3=NE/4 NW/4=39.88 ACRES",,0.0,,,5.0,3.0,N,1.0,E,11,0503N01ECM,NW,0503N01ECM NW,NENW
DAB84EB0-9296-E011-82A2-00155D28E806,5ED3E139-087C-E011-9CF3-00155D960C0A,5,4,13,NE,NENW,1.0,39.92,00:00.0,,,G,21-E,,ADMIN,29:19.8,ADMIN,29:19.8,Imported Location || LOT 3=NE/4 NW/4=39.92 ACRES,,0.0,,,6.0,2.0,N,2.0,E,11,0602N02ECM,NW,0602N02ECM NW,NENW
4DB94EB0-9296-E011-82A2-00155D28E806,C250D821-E47B-E011-9CF3-00155D960C0A,5,4,13,NE,1,1.0,22.58,00:00.0,,,G,1273-A,,ADMIN,29:19.8,Ginny,48:11.2,"From Kenton, 8 miles East, 4 miles North, 2 miles East and 2 miles North || LOT 1=PT OF NE/4 SE/4=22.58 ACRES",,0.0,,,9.0,6.0,N,3.0,E,11,0906N03ECM,SE,0906N03ECM SE,1
51B94EB0-9296-E011-82A2-00155D28E806,6A50D821-E47B-E011-9CF3-00155D960C0A,5,4,13,NE,1,1.0,23.15,00:00.0,,,G,1273-B,,ADMIN,29:19.8,Sfleming,02:04.9,"From Square in Boise City, 14 miles North and 18 miles West || LOT 1=NE/4 SE/4=23.15 ACRES",,0.0,,,10.0,6.0,N,3.0,E,11,1006N03ECM,SE,1006N03ECM SE,1
54B94EB0-9296-E011-82A2-00155D28E806,6C50D821-E47B-E011-9CF3-00155D960C0A,5,4,13,NE,1,1.0,23.9,00:00.0,,,G,1274,,ADMIN,29:19.8,ADMIN,29:19.8,"From Square in Boise City, 14 miles North and 18 miles West || LOT 1=PT OF NE/4 SE/4=23.90 ACRES",,0.0,,,11.0,6.0,N,3.0,E,11,1106N03ECM,SE,1106N03ECM SE,1
56B94EB0-9296-E011-82A2-00155D28E806,6E50D821-E47B-E011-9CF3-00155D960C0A,5,4,13,NE,1,1.0,24.7,00:00.0,,,G,1274-A,,ADMIN,29:19.8,ADMIN,29:19.8,"From Square in Boise City, 14 miles North and 18 miles West || LOT 1=PT OF NE/4 SE/4=24.70 ACRES",,0.0,,,12.0,6.0,N,3.0,E,11,1206N03ECM,SE,1206N03ECM SE,1
BAB94EB0-9296-E011-82A2-00155D28E806,A4E3E139-087C-E011-9CF3-00155D960C0A,5,4,13,NE,3,1.0,21.67,00:00.0,,,G,1273-A,,ADMIN,29:19.8,Sfleming,47:41.2,Imported Location || LOT 3=PT OF NE/4 SW/4=21.68 ACRES,,0.0,,,9.0,6.0,N,3.0,E,11,0906N03ECM,SW,0906N03ECM SW,3
BEB94EB0-9296-E011-82A2-00155D28E806,0EE4E139-087C-E011-9CF3-00155D960C0A,5,4,13,NE,3,1.0,22.95,00:00.0,,,G,1273-B,,ADMIN,29:19.8,ADMIN,29:19.8,Imported Location || LOT 3=PT OF NE/4 SW/4=22.95 ACRES,,0.0,,,10.0,6.0,N,3.0,E,11,1006N03ECM,SW,1006N03ECM SW,3
C1B94EB0-9296-E011-82A2-00155D28E806,81E4E139-087C-E011-9CF3-00155D960C0A,5,4,13,NE,3,1.0,23.5,00:00.0,,,G,1274,,ADMIN,29:19.8,ADMIN,29:19.8,Imported Location || LOT 3=PT OF NE/4 SW/4=23.50 ACRES,,0.0,,,11.0,6.0,N,3.0,E,11,1106N03ECM,SW,1106N03ECM SW,3
C4B94EB0-9296-E011-82A2-00155D28E806,E4E4E139-087C-E011-9CF3-00155D960C0A,5,4,13,NE,3,1.0,24.3,00:00.0,,,G,1274-A,,ADMIN,29:19.8,ADMIN,29:19.8,Imported Location || LOT 3=PT OF NE/4 SW/4=24.30 ACRES,,0.0,,,12.0,6.0,N,3.0,E,11,1206N03ECM,SW,1206N03ECM SW,3
15BA4EB0-9296-E011-82A2-00155D28E806,2F50D821-E47B-E011-9CF3-00155D960C0A,5,4,13,NW,NWNE,1.0,40.18,00:00.0,,,G,NONE,,ADMIN,29:19.8,ADMIN,29:19.8,"From Kenton, 10 miles East || LOT 2=NW/4 NE/4=40.18 ACRES",,0.0,,,1.0,5.0,N,1.0,E,11,0105N01ECM,NE,0105N01ECM NE,NWNE
16BA4EB0-9296-E011-82A2-00155D28E806,6450D821-E47B-E011-9CF3-00155D960C0A,5,4,13,NW,NWNE,1.0,40.37,00:00.0,,,G,2336,,ADMIN,29:19.8,ADMIN,29:19.8,"From Square in Boise City, 14 miles North and 18 miles West || LOT 2=NW/4 NE/4=40.37 ACRES",,0.0,,,1.0,5.0,N,3.0,E,11,0105N03ECM,NE,0105N03ECM NE,NWNE
17BA4EB0-9296-E011-82A2-00155D28E806,5850D821-E47B-E011-9CF3-00155D960C0A,5,4,13,NW,NWNE,1.0,37.08,00:00.0,,,G,2361,,ADMIN,29:19.8,ADMIN,29:19.8,"From Square in Boise City, 4 miles North, 7 miles West and 6 miles North and West || LOT 2=NW/4 NE/4=37.08 ACRES",,0.0,,,3.0,4.0,N,3.0,E,11,0304N03ECM,NE,0304N03ECM NE,NWNE
18BA4EB0-9296-E011-82A2-00155D28E806,B150D821-E47B-E011-9CF3-00155D960C0A,5,4,13,NW,NWNE,1.0,40.76,00:00.0,,,G,1284,,ADMIN,29:19.8,ADMIN,29:19.8,"From Kenton, 8 miles East, 4 miles North, 2 miles East and 2 miles North || LOT 2=NW/4 NE/4=40.76 ACRES",,0.0,,,4.0,5.0,N,3.0,E,11,0405N03ECM,NE,0405N03ECM NE,NWNE
1ABA4EB0-9296-E011-82A2-00155D28E806,C44FD821-E47B-E011-9CF3-00155D960C0A,5,4,13,NW,NWNE,1.0,39.85,00:00.0,,,G,NONE,,ADMIN,29:19.8,ADMIN,29:19.8,"From Wheeless, 4 miles West and 2 miles North || LOT 2=NW/4 NE/4=39.85 ACRES",,0.0,,,5.0,3.0,N,1.0,E,11,0503N01ECM,NE,0503N01ECM NE,NWNE
1BBA4EB0-9296-E011-82A2-00155D28E806,5DD3E139-087C-E011-9CF3-00155D960C0A,5,4,13,NW,NWNE,1.0,39.86,00:00.0,,,G,21-E,,ADMIN,29:19.8,ADMIN,29:19.8,Imported Location || LOT 2=NW/4 NE/4=39.86 ACRES,,0.0,,,6.0,2.0,N,2.0,E,11,0602N02ECM,NE,0602N02ECM NE,NWNE
1CBA4EB0-9296-E011-82A2-00155D28E806,BC50D821-E47B-E011-9CF3-00155D960C0A,5,4,13,NW,NWNE,1.0,40.86,00:00.0,,,G,1284-B,,ADMIN,29:19.8,ADMIN,29:19.8,"From Kenton, 8 miles East, 4 miles North, 2 miles East and 2 miles North || LOT 2=NW/4 NE/4=40.86 ACRES",,0.0,,,6.0,5.0,N,3.0,E,11,0605N03ECM,NE,0605N03ECM NE,NWNE
76BA4EB0-9296-E011-82A2-00155D28E806,4550D821-E47B-E011-9CF3-00155D960C0A,5,4,13,NW,NWNW,1.0,40.42,00:00.0,,,G,NONE,,ADMIN,29:19.8,ADMIN,29:19.8,"From Kenton, 2-1/2 miles East and 2-1/2 North, isolated. || LOT 4=NW/4 NW/4=40.42 ACRES",,0.0,,,1.0,5.0,N,1.0,E,11,0105N01ECM,NW,0105N01ECM NW,NWNW
77BA4EB0-9296-E011-82A2-00155D28E806,A1D3E139-087C-E011-9CF3-00155D960C0A,5,4,13,NW,NWNW,1.0,37.12,00:00.0,,,G,2361,,ADMIN,29:19.8,ADMIN,29:19.8,Imported Location || LOT 4=NW/4 NW/4=37.12 ACRES,,0.0,,,3.0,4.0,N,3.0,E,11,0304N03ECM,NW,0304N03ECM NW,NWNW
78BA4EB0-9296-E011-82A2-00155D28E806,4850D821-E47B-E011-9CF3-00155D960C0A,5,4,13,NW,NWNW,1.0,40.54,00:00.0,,,G,NONE,,ADMIN,29:19.8,ADMIN,29:19.8,"From Kenton, 2-1/2 miles East and 2-1/2 North, isolated. ||  LOT 4=NW/4 NW/4=40.54 ACRES",,0.0,,,3.0,5.0,N,1.0,E,11,0305N01ECM,NW,0305N01ECM NW,NWNW
79BA4EB0-9296-E011-82A2-00155D28E806,4E50D821-E47B-E011-9CF3-00155D960C0A,5,4,13,NW,NWNW,1.0,40.44,00:00.0,,,G,NONE,,ADMIN,29:19.8,ADMIN,29:19.8,"From Kenton, 1/2 mile East and 1 1/2 miles North to East side of property || LOT 4=NW/4 NW/4=40.44 ACRES",,0.0,,,4.0,5.0,N,1.0,E,11,0405N01ECM,NW,0405N01ECM NW,NWNW
7ABA4EB0-9296-E011-82A2-00155D28E806,4E51D821-E47B-E011-9CF3-00155D960C0A,5,4,13,NW,NWNW,1.0,39.89,00:00.0,,,G,2065,,ADMIN,29:19.8,ADMIN,29:19.8,"From Square in Boise City, 12 miles North and 3 miles East || LOT 4=NW/4 NW/4=39.89 ACRES",,0.0,,,4.0,5.0,N,6.0,E,11,0405N06ECM,NW,0405N06ECM NW,NWNW
7CBA4EB0-9296-E011-82A2-00155D28E806,C64FD821-E47B-E011-9CF3-00155D960C0A,5,4,13,NW,NWNW,1.0,39.9,00:00.0,,,G,NONE,,ADMIN,29:19.8,ADMIN,29:19.8,"From Wheeless, 4 miles West and 2 miles North || LOT 4=NW/4 NW/4=39.90 ACRES",,0.0,,,5.0,3.0,N,1.0,E,11,0503N01ECM,NW,0503N01ECM NW,NWNW
7DBA4EB0-9296-E011-82A2-00155D28E806,BA50D821-E47B-E011-9CF3-00155D960C0A,5,4,13,NW,NWNW,1.0,41.37,00:00.0,,,G,1284-A,,ADMIN,29:19.8,ADMIN,29:19.8,"From Kenton, 8 miles East, 4 miles North, 2 miles East and 2 miles North || LOT 4=NW/4 NW/4=41.37 ACRES",,0.0,,,5.0,5.0,N,3.0,E,11,0505N03ECM,NW,0505N03ECM NW,NWNW
7EBA4EB0-9296-E011-82A2-00155D28E806,5451D821-E47B-E011-9CF3-00155D960C0A,5,4,13,NW,NWNW,1.0,39.85,00:00.0,,,G,2066,,ADMIN,29:19.8,Sfleming,04:15.7,"From Square in Boise City, 12 miles North and 3 miles East || LOT 4=NW/4 NW/4=39.86 ACRES",,0.0,,,5.0,5.0,N,6.0,E,11,0505N06ECM,NW,0505N06ECM NW,NWNW
7FBA4EB0-9296-E011-82A2-00155D28E806,5ED3E139-087C-E011-9CF3-00155D960C0A,5,4,13,NW,NWNW,1.0,36.4,00:00.0,,,G,21-E,,ADMIN,29:19.8,ADMIN,29:19.8,Imported Location || LOT 4=NW/4 NW/4=36.40 ACRES,,0.0,,,6.0,2.0,N,2.0,E,11,0602N02ECM,NW,0602N02ECM NW,NWNW
80BA4EB0-9296-E011-82A2-00155D28E806,3350D821-E47B-E011-9CF3-00155D960C0A,5,4,13,NW,NWNW,1.0,39.08,00:00.0,,,G,1285,,ADMIN,29:19.8,ADMIN,29:19.8,"From Kenton, 10 miles East || LOT 1=NW/4 NW/4=39.08 ACRES",,0.0,,,7.0,5.0,N,3.0,E,11,0705N03ECM,NW,0705N03ECM NW,NWNW
96BA4EB0-9296-E011-82A2-00155D28E806,BBD9E139-087C-E011-9CF3-00155D960C0A,5,4,13,NW,NWNW,1.0,39.36,00:00.0,,,G,2340,,ADMIN,29:19.8,Sfleming,04:56.0,Imported Location || LOT 1=NW/4 NW/4=39.36 ACRES,,0.0,,,18.0,5.0,N,3.0,E,11,1805N03ECM,NW,1805N03ECM NW,NWNW
97BA4EB0-9296-E011-82A2-00155D28E806,E1E7E139-087C-E011-9CF3-00155D960C0A,5,4,13,NW,NWNW,1.0,40.0,00:00.0,,,G,1443,,ADMIN,29:19.8,ADMIN,29:19.8,Imported Location || LOT 1=NW/4 NW/4=40 ACRES,,0.0,,,18.0,5.0,N,6.0,E,11,1805N06ECM,NW,1805N06ECM NW,NWNW
98BA4EB0-9296-E011-82A2-00155D28E806,CAD9E139-087C-E011-9CF3-00155D960C0A,5,4,13,NW,NWNW,1.0,38.25,00:00.0,,,G,187-F,,ADMIN,29:19.8,Sfleming,01:51.3,Imported Location || LOT 1=NW/4 NW/4=38.25 ACRES,,0.0,,,18.0,6.0,N,6.0,E,11,1806N06ECM,NW,1806N06ECM NW,NWNW
99BA4EB0-9296-E011-82A2-00155D28E806,28DAE139-087C-E011-9CF3-00155D960C0A,5,4,13,NW,NWNW,1.0,39.14,00:00.0,,,G,2339,,ADMIN,29:19.8,ADMIN,29:19.8,Imported Location || LOT 1=NW/4 NW/4=39.14 ACRES,,0.0,,,19.0,5.0,N,3.0,E,11,1905N03ECM,NW,1905N03ECM NW,NWNW
9ABA4EB0-9296-E011-82A2-00155D28E806,6451D821-E47B-E011-9CF3-00155D960C0A,5,4,13,NW,NWNW,1.0,40.05,00:00.0,,,G,1250-A,,ADMIN,29:19.8,ADMIN,29:19.8,"From Square in Boise City, 12 miles North and 3 miles East || LOT 1=NW/4 NW/4=40.05 ACRES",,0.0,,,19.0,5.0,N,6.0,E,11,1905N06ECM,NW,1905N06ECM NW,NWNW
9BBA4EB0-9296-E011-82A2-00155D28E806,31DAE139-087C-E011-9CF3-00155D960C0A,5,4,13,NW,NWNW,1.0,38.7,00:00.0,,,G,187-G,,ADMIN,29:19.8,ADMIN,29:19.8,Imported Location || LOT 1=NW/4 NW/4=38.70 ACRES,,0.0,,,19.0,6.0,N,6.0,E,11,1906N06ECM,NW,1906N06ECM NW,NWNW
C4BA4EB0-9296-E011-82A2-00155D28E806,DF4FD821-E47B-E011-9CF3-00155D960C0A,5,4,13,NW,NWNW,1.0,35.9,00:00.0,,,G,NONE,,ADMIN,29:19.8,ADMIN,29:19.8,"From Wheeless, 4 miles West and 2 miles North || LOT 1=NW/4 NW/4=35.90 ACRES",,0.0,,,30.0,4.0,N,1.0,E,11,3004N01ECM,NW,3004N01ECM NW,NWNW
C5BA4EB0-9296-E011-82A2-00155D28E806,ABDEE139-087C-E011-9CF3-00155D960C0A,5,4,13,NW,NWNW,1.0,39.15,00:00.0,,,G,187-M,,ADMIN,29:19.8,ADMIN,29:19.8,Imported Location || LOT 1=NW/4 NW/4=39.15 ACRES,,0.0,,,30.0,6.0,N,6.0,E,11,3006N06ECM,NW,3006N06ECM NW,NWNW
C6BA4EB0-9296-E011-82A2-00155D28E806,2BEDE139-087C-E011-9CF3-00155D960C0A,5,4,13,NW,NWNW,1.0,35.43,00:00.0,,,G,NONE,,ADMIN,29:19.8,ADMIN,29:19.8,Imported Location || LOT 1=NW/4 NW/4=35.43 ACRES,,0.0,,,31.0,4.0,N,1.0,E,11,3104N01ECM,NW,3104N01ECM NW,NWNW
C7BA4EB0-9296-E011-82A2-00155D28E806,32EDE139-087C-E011-9CF3-00155D960C0A,5,4,13,NW,NWNW,1.0,39.74,00:00.0,,,G,44-G,,ADMIN,29:19.8,ADMIN,29:19.8,Imported Location || LOT 1=NW/4 NW/4=39.74 ACRES,,0.0,,,31.0,5.0,N,3.0,E,11,3105N03ECM,NW,3105N03ECM NW,NWNW
C8BA4EB0-9296-E011-82A2-00155D28E806,35EDE139-087C-E011-9CF3-00155D960C0A,5,4,13,NW,NWNW,1.0,40.07,00:00.0,,,G,1443-A,,ADMIN,29:19.8,ADMIN,29:19.8,Imported Location || LOT 1=NW/4 NW/4=40.07 ACRES,,0.0,,,31.0,5.0,N,6.0,E,11,3105N06ECM,NW,3105N06ECM NW,NWNW
C9BA4EB0-9296-E011-82A2-00155D28E806,DC51D821-E47B-E011-9CF3-00155D960C0A,5,4,13,NW,NWNW,1.0,39.62,00:00.0,,,G,187-N,,ADMIN,29:19.8,ADMIN,29:19.8,"From square in Boise City, 14 miles North and 3 1/2 miles East || LOT 1=NW/4 NW/4=39.62 ACRES",,0.0,,,31.0,6.0,N,6.0,E,11,3106N06ECM,NW,3106N06ECM NW,NWNW
EDBA4EB0-9296-E011-82A2-00155D28E806,C250D821-E47B-E011-9CF3-00155D960C0A,5,4,13,NW,2,1.0,22.13,00:00.0,,,G,1273-A,,ADMIN,29:19.8,Ginny,48:22.9,"From Kenton, 8 miles East, 4 miles North, 2 miles East and 2 miles North || LOT 2=PT OF NW/4 SE/4=22.13 ACRES",,0.0,,,9.0,6.0,N,3.0,E,11,0906N03ECM,SE,0906N03ECM SE,2
F1BA4EB0-9296-E011-82A2-00155D28E806,6A50D821-E47B-E011-9CF3-00155D960C0A,5,4,13,NW,2,1.0,23.05,00:00.0,,,G,1273-B,,ADMIN,29:19.8,ADMIN,29:19.8,"From Square in Boise City, 14 miles North and 18 miles West || LOT 2=PT OF NW/4 SE/4=23.05 ACRES",,0.0,,,10.0,6.0,N,3.0,E,11,1006N03ECM,SE,1006N03ECM SE,2
F3BA4EB0-9296-E011-82A2-00155D28E806,6C50D821-E47B-E011-9CF3-00155D960C0A,5,4,13,NW,2,1.0,23.7,00:00.0,,,G,1274,,ADMIN,29:19.8,ADMIN,29:19.8,"From Square in Boise City, 14 miles North and 18 miles West || LOT 2=PT OF NW/4 SE/4=23.70 ACRES",,0.0,,,11.0,6.0,N,3.0,E,11,1106N03ECM,SE,1106N03ECM SE,2
F5BA4EB0-9296-E011-82A2-00155D28E806,6E50D821-E47B-E011-9CF3-00155D960C0A,5,4,13,NW,2,1.0,24.5,00:00.0,,,G,1274-A,,ADMIN,29:19.8,ADMIN,29:19.8,"From Square in Boise City, 14 miles North and 18 miles West || LOT 2=PT OF NW/4 SE/4=24.50 ACRES",,0.0,,,12.0,6.0,N,3.0,E,11,1206N03ECM,SE,1206N03ECM SE,2
4FBB4EB0-9296-E011-82A2-00155D28E806,60E2E139-087C-E011-9CF3-00155D960C0A,5,4,13,NW,NWSW,1.0,36.83,00:00.0,,,G,21-E,,ADMIN,29:19.8,ADMIN,29:19.8,Imported Location || LOT 6=NW/4 SW/4=36.83 ACRES,,0.0,,,6.0,2.0,N,2.0,E,11,0602N02ECM,SW,0602N02ECM SW,NWSW
50BB4EB0-9296-E011-82A2-00155D28E806,6C51D821-E47B-E011-9CF3-00155D960C0A,5,4,13,NW,NWSW,1.0,40.0,00:00.0,,,G,2067,,ADMIN,29:19.8,ADMIN,29:19.8,"From Square in Boise City, 12 miles North and 3 miles East || LOT 6=NW/4 SW/4=40 ACRES",,0.0,,,6.0,5.0,N,6.0,E,11,0605N06ECM,SW,0605N06ECM SW,NWSW
51BB4EB0-9296-E011-82A2-00155D28E806,70D4E139-087C-E011-9CF3-00155D960C0A,5,4,13,NW,NWSW,1.0,39.26,00:00.0,,,G,1285,,ADMIN,29:19.8,ADMIN,29:19.8,Imported Location || LOT 3=NW/4 SW/4=39.26 ACRES,,0.0,,,7.0,5.0,N,3.0,E,11,0705N03ECM,SW,0705N03ECM SW,NWSW
52BB4EB0-9296-E011-82A2-00155D28E806,76D4E139-087C-E011-9CF3-00155D960C0A,5,4,13,NW,NWSW,1.0,40.0,00:00.0,,,G,2068,,ADMIN,29:19.8,ADMIN,29:19.8,Imported Location || LOT 3=NW/4 SW/4=40.00 ACRES,,0.0,,,7.0,5.0,N,6.0,E,11,0705N06ECM,SW,0705N06ECM SW,NWSW
58BB4EB0-9296-E011-82A2-00155D28E806,A4E3E139-087C-E011-9CF3-00155D960C0A,5,4,13,NW,4,1.0,21.32,00:00.0,,,G,1273-A,,ADMIN,29:19.8,Sfleming,47:53.6,Imported Location || LOT 4=NW/4 SW/4=21.24 ACRES,,0.0,,,9.0,6.0,N,3.0,E,11,0906N03ECM,SW,0906N03ECM SW,4
5CBB4EB0-9296-E011-82A2-00155D28E806,0EE4E139-087C-E011-9CF3-00155D960C0A,5,4,13,NW,4,1.0,22.85,00:00.0,,,G,1273-B,,ADMIN,29:19.8,ADMIN,29:19.8,Imported Location || LOT 4=PT OF NW/4 SW/4=22.85 ACRES,,0.0,,,10.0,6.0,N,3.0,E,11,1006N03ECM,SW,1006N03ECM SW,4
5FBB4EB0-9296-E011-82A2-00155D28E806,81E4E139-087C-E011-9CF3-00155D960C0A,5,4,13,NW,4,1.0,23.3,00:00.0,,,G,1274,,ADMIN,29:19.8,ADMIN,29:19.8,Imported Location || LOT 4=PT OF NW/4 SW/4=23.30 ACRES,,0.0,,,11.0,6.0,N,3.0,E,11,1106N03ECM,SW,1106N03ECM SW,4
62BB4EB0-9296-E011-82A2-00155D28E806,E4E4E139-087C-E011-9CF3-00155D960C0A,5,4,13,NW,4,1.0,24.1,00:00.0,,,G,1274-A,,ADMIN,29:19.8,Sfleming,38:42.7,Imported Location ||  LOT 2=PT OF NW/4 SW/4=24.10 ACRES,,0.0,,,12.0,6.0,N,3.0,E,11,1206N03ECM,SW,1206N03ECM SW,4
6EBB4EB0-9296-E011-82A2-00155D28E806,BCD9E139-087C-E011-9CF3-00155D960C0A,5,4,13,NW,NWSW,1.0,39.21,00:00.0,,,G,2340,,ADMIN,29:19.8,Sfleming,05:43.8,Imported Location || LOT 3=NW/4 SW/4=39.21 ACRES,,0.0,,,18.0,5.0,N,3.0,E,11,1805N03ECM,SW,1805N03ECM SW,NWSW
6FBB4EB0-9296-E011-82A2-00155D28E806,6051D821-E47B-E011-9CF3-00155D960C0A,5,4,13,NW,NWSW,1.0,40.03,00:00.0,,,G,1443,,ADMIN,29:19.8,ADMIN,29:19.8,"From Square in Boise City, 12 miles North and 3 miles East || LOT 3=NW/4 SW/4=40.03 ACRES",,0.0,,,18.0,5.0,N,6.0,E,11,1805N06ECM,SW,1805N06ECM SW,NWSW
70BB4EB0-9296-E011-82A2-00155D28E806,EAE7E139-087C-E011-9CF3-00155D960C0A,5,4,13,NW,NWSW,1.0,38.47,00:00.0,,,G,187-F,,ADMIN,29:19.8,ADMIN,29:19.8,Imported Location || LOT 3=NW/4 SW/4=38.47 ACRES,,0.0,,,18.0,6.0,N,6.0,E,11,1806N06ECM,SW,1806N06ECM SW,NWSW
71BB4EB0-9296-E011-82A2-00155D28E806,29DAE139-087C-E011-9CF3-00155D960C0A,5,4,13,NW,NWSW,1.0,39.26,00:00.0,,,G,2339,,ADMIN,29:19.8,ADMIN,29:19.8,Imported Location || LOT 3=NW/4 SW/4=39.26 ACRES,,0.0,,,19.0,5.0,N,3.0,E,11,1905N03ECM,SW,1905N03ECM SW,NWSW
72BB4EB0-9296-E011-82A2-00155D28E806,57E8E139-087C-E011-9CF3-00155D960C0A,5,4,13,NW,NWSW,1.0,40.01,00:00.0,,,G,1250-A,,ADMIN,29:19.8,ADMIN,29:19.8,Imported Location || LOT 3=NW/4 SW/4=40.01 ACRES,,0.0,,,19.0,5.0,N,6.0,E,11,1905N06ECM,SW,1905N06ECM SW,NWSW
73BB4EB0-9296-E011-82A2-00155D28E806,61E8E139-087C-E011-9CF3-00155D960C0A,5,4,13,NW,NWSW,1.0,38.93,00:00.0,,,G,187-G,,ADMIN,29:19.8,ADMIN,29:19.8,Imported Location || LOT 3=NW/4 SW/4=38.93 ACRES,,0.0,,,19.0,6.0,N,6.0,E,11,1906N06ECM,SW,1906N06ECM SW,NWSW
9BBB4EB0-9296-E011-82A2-00155D28E806,D5ECE139-087C-E011-9CF3-00155D960C0A,5,4,13,NW,NWSW,1.0,35.66,00:00.0,,,G,NONE,,ADMIN,29:19.8,ADMIN,29:19.8,Imported Location || LOT 3=NW/4 SW/4=35.66 ACRES,,0.0,,,30.0,4.0,N,1.0,E,11,3004N01ECM,SW,3004N01ECM SW,NWSW
9CBB4EB0-9296-E011-82A2-00155D28E806,DEECE139-087C-E011-9CF3-00155D960C0A,5,4,13,NW,NWSW,1.0,39.57,00:00.0,,,G,44-F,,ADMIN,29:19.8,ADMIN,29:19.8,Imported Location || LOT 3=NW/4 SW/4=39.57 ACRES,,0.0,,,30.0,5.0,N,3.0,E,11,3005N03ECM,SW,3005N03ECM SW,NWSW
E1B080B0-9296-E011-82A2-00155D28E806,1B52D821-E47B-E011-9CF3-00155D960C0A,5,4,4,NE,NENW,1.0,40.06,00:00.0,,,G,218-G,,ADMIN,29:19.8,ADMIN,29:19.8,"From West side of Forgan, approx 4 miles West on Hwy 64 and 1 mile North to SW corner of lease || LOT 3=NE/4 NW/4=40.06 ACRES",,0.0,,,6.0,5.0,N,23.0,E,11,0605N23ECM,NW,0605N23ECM NW,NENW
FDB080B0-9296-E011-82A2-00155D28E806,E252D821-E47B-E011-9CF3-00155D960C0A,5,4,4,NW,NWNW,1.0,40.01,00:00.0,,,G,980,,ADMIN,29:19.8,ADMIN,29:19.8,"From Knowles, 1 mile North, 1 mile East, 2 1/2 miles North to West side of lease || LOT 4=NW/4 NW/4=40.01 ACRES",,0.0,,,5.0,5.0,N,27.0,E,11,0505N27ECM,NW,0505N27ECM NW,NWNW
FEB080B0-9296-E011-82A2-00155D28E806,1B52D821-E47B-E011-9CF3-00155D960C0A,5,4,4,NW,NWNW,1.0,37.8,00:00.0,,,G,218-G,,ADMIN,29:19.8,ADMIN,29:19.8,"From West side of Forgan, approx 4 miles West on Hwy 64 and 1 mile North to SW corner of lease || LOT 4=NW/4 NW/4=37.80 ACRES",,0.0,,,6.0,5.0,N,23.0,E,11,0605N23ECM,NW,0605N23ECM NW,NWNW
06B180B0-9296-E011-82A2-00155D28E806,7AE2E139-087C-E011-9CF3-00155D960C0A,5,4,4,NW,NWSW,1.0,37.75,00:00.0,,,G,218-G,,ADMIN,29:19.8,ADMIN,29:19.8,Imported Location || LOT 6=NW/4 SW/4=37.75 ACRES,,0.0,,,6.0,5.0,N,23.0,E,11,0605N23ECM,SW,0605N23ECM SW,NWSW
37B180B0-9296-E011-82A2-00155D28E806,1B52D821-E47B-E011-9CF3-00155D960C0A,5,4,4,SW,SWSW,1.0,37.77,00:00.0,,,G,218-G,,ADMIN,29:19.8,ADMIN,29:19.8,"From West side of Forgan, approx 4 miles West on Hwy 64 and 1 mile North to SW corner of lease || LOT 5=SW/4 NW/4=37.77 ACRES",,0.0,,,6.0,5.0,N,23.0,E,11,0605N23ECM,NW,0605N23ECM NW,SWSW
43B180B0-9296-E011-82A2-00155D28E806,7AE2E139-087C-E011-9CF3-00155D960C0A,5,4,4,SW,SWSW,1.0,37.73,00:00.0,,,G,218-G,,ADMIN,29:19.8,ADMIN,29:19.8,Imported Location || LOT 7=SW/4 SW/4=37.73 ACRES,,0.0,,,6.0,5.0,N,23.0,E,11,0605N23ECM,SW,0605N23ECM SW,SWSW
44B180B0-9296-E011-82A2-00155D28E806,5052D821-E47B-E011-9CF3-00155D960C0A,5,4,4,SW,SWSW,1.0,13.94,00:00.0,,,G,397,,ADMIN,29:19.8,Sfleming,21:14.1,"From Slapout, 6 miles East and 5 miles South to NW corner of property || LOT 4=SW/4 SW/4=13.94 ACRES",,0.0,,,13.0,1.0,N,28.0,E,11,1301N28ECM,SW,1301N28ECM SW,SWSW
F7B980B0-9296-E011-82A2-00155D28E806,B1D3E139-087C-E011-9CF3-00155D960C0A,5,4,7,NE,NENE,0.5,39.9,00:00.0,,,F,578,,ADMIN,29:19.8,ADMIN,29:19.8,Imported Location || LOT 1=NE/4 NE/4=39.90 ACRES,,0.0,,,3.0,5.0,S,11.0,E,17,0305S11EIM,NE,0305S11EIM NE,NENE
FBB980B0-9296-E011-82A2-00155D28E806,B1D3E139-087C-E011-9CF3-00155D960C0A,5,4,7,NW,NWNE,0.5,40.09,00:00.0,,,F,578,,ADMIN,29:19.8,ADMIN,29:19.8,Imported Location || LOT 2=NW/4 NE/4=40.09 ACRES,,0.0,,,3.0,5.0,S,11.0,E,17,0305S11EIM,NE,0305S11EIM NE,NWNE
3DC480B0-9296-E011-82A2-00155D28E806,8BD1E139-087C-E011-9CF3-00155D960C0A,5,4,25,NE,NENE,1.0,41.11,00:00.0,,,F,1101,,ADMIN,29:19.8,ADMIN,29:19.8,Imported Location || LOT 1=NE/4 NE/4=41.11 ACRES,,0.0,,,3.0,2.0,N,1.0,W,17,0302N01WIM,NE,0302N01WIM NE,NENE
C4C580B0-9296-E011-82A2-00155D28E806,ADDEE139-087C-E011-9CF3-00155D960C0A,5,4,13,NW,NWSW,1.0,39.38,00:00.0,,,G,187-M,,ADMIN,29:19.8,Sfleming,12:48.4,Imported Location || LOT 3=NW/4 SW/4=39.39 ACRES,,0.0,,,30.0,6.0,N,6.0,E,11,3006N06ECM,SW,3006N06ECM SW,NWSW
C5C580B0-9296-E011-82A2-00155D28E806,2DEDE139-087C-E011-9CF3-00155D960C0A,5,4,13,NW,NWSW,1.0,35.31,00:00.0,,,G,NONE,,ADMIN,29:19.8,ADMIN,29:19.8,Imported Location || LOT 3=NW/4 SW/4=35.31 ACRES,,0.0,,,31.0,4.0,N,1.0,E,11,3104N01ECM,SW,3104N01ECM SW,NWSW
C6C580B0-9296-E011-82A2-00155D28E806,33EDE139-087C-E011-9CF3-00155D960C0A,5,4,13,NW,NWSW,1.0,39.9,00:00.0,,,G,44-G,,ADMIN,29:19.8,ADMIN,29:19.8,Imported Location || LOT 3=NW/4 SW/4=39.90 ACRES,,0.0,,,31.0,5.0,N,3.0,E,11,3105N03ECM,SW,3105N03ECM SW,NWSW
C7C580B0-9296-E011-82A2-00155D28E806,0DDFE139-087C-E011-9CF3-00155D960C0A,5,4,13,NW,NWSW,1.0,40.03,00:00.0,,,G,1443-A,,ADMIN,29:19.8,ADMIN,29:19.8,Imported Location || LOT 3=NW/4 SW/4=40.03 ACRES,,0.0,,,31.0,5.0,N,6.0,E,11,3105N06ECM,SW,3105N06ECM SW,NWSW
C8C580B0-9296-E011-82A2-00155D28E806,DE51D821-E47B-E011-9CF3-00155D960C0A,5,4,13,NW,NWSW,1.0,39.94,00:00.0,,,G,187-N,,ADMIN,29:19.8,ADMIN,29:19.8,"From square in Boise City, 14 miles North and 3 1/2 miles East || LOT 3=NW/4 SW/4=39.94 ACRES",,0.0,,,31.0,6.0,N,6.0,E,11,3106N06ECM,SW,3106N06ECM SW,NWSW
EFC780B0-9296-E011-82A2-00155D28E806,5ED3E139-087C-E011-9CF3-00155D960C0A,5,4,13,SW,SWSW,1.0,37.12,00:00.0,,,G,21-E,,ADMIN,29:19.8,ADMIN,29:19.8,Imported Location || LOT 5=SW/4 NW/4=37.12 ACRES,,0.0,,,6.0,2.0,N,2.0,E,11,0602N02ECM,NW,0602N02ECM NW,SWSW
F0C780B0-9296-E011-82A2-00155D28E806,3350D821-E47B-E011-9CF3-00155D960C0A,5,4,13,SW,SWNW,1.0,39.16,00:00.0,,,G,1285,,ADMIN,29:19.8,ADMIN,29:19.8,"From Kenton, 10 miles East || LOT 2=SW/4 NW/4=39.16 ACRES",,0.0,,,7.0,5.0,N,3.0,E,11,0705N03ECM,NW,0705N03ECM NW,SWNW
0A40A9B0-9296-E011-82A2-00155D28E806,9D4FD821-E47B-E011-9CF3-00155D960C0A,5,4,30,NE,NENE,1.0,39.77,00:00.0,,,G,987-B,,ADMIN,29:19.8,ADMIN,29:19.8,"From intersection of Hwys 64 and 46, North of May, 2 miles East, 2 miles North & 3/4 mile Northerly on trail road (No Legal Access) || LOT 1=NE/4 NE/4=39.77 ACRES",,0.0,,,5.0,27.0,N,23.0,W,17,0527N23WIM,NE,0527N23WIM NE,NENE
1040A9B0-9296-E011-82A2-00155D28E806,9D4FD821-E47B-E011-9CF3-00155D960C0A,5,4,30,NW,NWNE,1.0,39.72,00:00.0,,,G,987-B,,ADMIN,29:19.8,ADMIN,29:19.8,"From intersection of Hwys 64 and 46, North of May, 2 miles East, 2 miles North & 3/4 mile Northerly on trail road (No Legal Access) ||  LOT 2=NW/4 NE/4=39.72 ACRES",,0.0,,,5.0,27.0,N,23.0,W,17,0527N23WIM,NE,0527N23WIM NE,NWNE
E741A9B0-9296-E011-82A2-00155D28E806,65EBE139-087C-E011-9CF3-00155D960C0A,5,4,31,NW,NWSW,,,,,,,,,,,,,,,,,,,,,,,,,,,NWSW
E941A9B0-9296-E011-82A2-00155D28E806,64EBE139-087C-E011-9CF3-00155D960C0A,5,4,31,SW,SWNW,,,,,,,,,,,,,,,,,,,,,,,,,,,SWNW
DF24D4B0-9296-E011-82A2-00155D28E806,FC52D821-E47B-E011-9CF3-00155D960C0A,5,4,70,NW,NWSE,,,,,,,,,,,,,,,,,,,,,,,,,,,NWSE
E224D4B0-9296-E011-82A2-00155D28E806,B552D821-E47B-E011-9CF3-00155D960C0A,5,4,70,NW,NWSW,1.0,37.2,00:00.0,,,G,NONE,,ADMIN,29:19.8,ADMIN,29:19.8,"From East side of Hardesty, 7 miles East and 2 miles North to SW corner of property || LOT 3=NW/4 SW/4=37.20 ACRES",,0.0,,,7.0,2.0,N,19.0,E,11,0702N19ECM,SW,0702N19ECM SW,NWSW
F824D4B0-9296-E011-82A2-00155D28E806,FE52D821-E47B-E011-9CF3-00155D960C0A,5,4,70,SW,SWNE,,,,,,,,,,,,,,,,,,,,,,,,,,,SWNE
0525D4B0-9296-E011-82A2-00155D28E806,B552D821-E47B-E011-9CF3-00155D960C0A,5,4,70,SW,SWSW,1.0,37.36,00:00.0,,,G,NONE,,ADMIN,29:19.8,ADMIN,29:19.8,"From East side of Hardesty, 7 miles East and 2 miles North to SW corner of property || LOT 4=SW/4 SW/4=37.36 ACRES",,0.0,,,7.0,2.0,N,19.0,E,11,0702N19ECM,SW,0702N19ECM SW,SWSW
7D29D4B0-9296-E011-82A2-00155D28E806,DCECE139-087C-E011-9CF3-00155D960C0A,5,4,13,NW,NWNW,1.0,39.4,00:00.0,,,F,44-F,,ADMIN,29:19.8,Sfleming,15:40.1,Imported Location || ,,0.0,,,30.0,5.0,N,3.0,E,11,3005N03ECM,NW,3005N03ECM NW,NWNW
7E29D4B0-9296-E011-82A2-00155D28E806,DCECE139-087C-E011-9CF3-00155D960C0A,5,4,13,SW,SWNW,1.0,39.49,00:00.0,,,F,44-F,,ADMIN,29:19.8,Administrator,32:51.8,Imported Location || ,,0.0,,,30.0,5.0,N,3.0,E,11,3005N03ECM,NW,3005N03ECM NW,SWNW
0F2BD4B0-9296-E011-82A2-00155D28E806,D5E8E139-087C-E011-9CF3-00155D960C0A,5,4,75,NE,NESW,1.0,40.0,00:00.0,,,G,1593-C,,ADMIN,29:19.8,Sfleming,21:00.9,Imported Location || THERE IS A 5.6 ACRE TRACT OUT OF N/2 SW/4 DESCRIBED AS FOLLOWS:  BEGINNING AT A POINT 50 RODS S OF THE NW,,,,,,,,,,,,,,NESW
03AA4EB0-9296-E011-82A2-00155D28E806,98D6E139-087C-E011-9CF3-00155D960C0A,5,4,6,SW,SWNW ,0.5,40.3025,00:00.0,,,F,1237-A,,ADMIN,29:19.8,Ginny,25:32.4,Imported Location || LOT 1=SW/4 NW/4=37.75 ACRES,,0.0,,,12.0,13.0,N,13.0,W,17,1213N13WIM,NW,1213N13WIM NW,SWNW 
DAB080B0-9296-E011-82A2-00155D28E806,1252D821-E47B-E011-9CF3-00155D960C0A,5,4,4,NE,NENE,1.0,40.29,00:00.0,,,G,NONE,,ADMIN,29:19.8,ADMIN,29:19.8,"From West side of Forgan, approx 1 mile West, 1 mile North and 1 mile West to SE corner of lease || LOT 1=NE/4 NE/4=40.29 ACRES",,0.0,,,5.0,5.0,N,23.0,E,11,0505N23ECM,NE,0505N23ECM NE,NENE
DFB080B0-9296-E011-82A2-00155D28E806,3B52D821-E47B-E011-9CF3-00155D960C0A,5,4,4,NE,NENW,1.0,40.07,00:00.0,,,G,NONE,,ADMIN,29:19.8,ADMIN,29:19.8,"From Gate, 3 miles West, 5 miles North, 1/2 mile West and 1/2 mile North on oil and gas road to SE corner of property || LOT 3=NE/4 NW/4=40.07 ACRES",,0.0,,,3.0,5.0,N,27.0,E,11,0305N27ECM,NW,0305N27ECM NW,NENW
E0B080B0-9296-E011-82A2-00155D28E806,1CE2E139-087C-E011-9CF3-00155D960C0A,5,4,4,NE,NENW,1.0,40.22,00:00.0,,,G,NONE,,ADMIN,29:19.8,Sfleming,56:35.0,Imported Location || LOT 3=NE/4 NW/4=40.24 ACRES,,0.0,,,5.0,5.0,N,23.0,E,11,0505N23ECM,NW,0505N23ECM NW,NENW
F6B080B0-9296-E011-82A2-00155D28E806,1252D821-E47B-E011-9CF3-00155D960C0A,5,4,4,NW,NWNE,1.0,40.26,00:00.0,,,G,NONE,,ADMIN,29:19.8,ADMIN,29:19.8,"From West side of Forgan, approx 1 mile West, 1 mile North and 1 mile West to SE corner of lease || LOT 2=NW/4 NE/4=40.26 ACRES",,0.0,,,5.0,5.0,N,23.0,E,11,0505N23ECM,NE,0505N23ECM NE,NWNE
FBB080B0-9296-E011-82A2-00155D28E806,3B52D821-E47B-E011-9CF3-00155D960C0A,5,4,4,NW,NWNW,1.0,40.02,00:00.0,,,G,NONE,,ADMIN,29:19.8,ADMIN,29:19.8,"From Gate, 3 miles West, 5 miles North, 1/2 mile West and 1/2 mile North on oil and gas road to SE corner of property || LOT 4=NW/4 NW/4=40.02 ACRES",,0.0,,,3.0,5.0,N,27.0,E,11,0305N27ECM,NW,0305N27ECM NW,NWNW
FCB080B0-9296-E011-82A2-00155D28E806,1CE2E139-087C-E011-9CF3-00155D960C0A,5,4,4,NW,NWNW,1.0,40.18,00:00.0,,,G,NONE,,ADMIN,29:19.8,ADMIN,29:19.8,Imported Location || LOT 4=NW/4 NW/4=40.18 ACRES,,0.0,,,5.0,5.0,N,23.0,E,11,0505N23ECM,NW,0505N23ECM NW,NWNW
08B180B0-9296-E011-82A2-00155D28E806,4DE8E139-087C-E011-9CF3-00155D960C0A,5,4,4,NW,NWSW,0.5,36.9,00:00.0,,,F,1126-A,,ADMIN,29:19.8,ADMIN,29:19.8,Imported Location || LOT 3=NW/4 SW/4=36.90 ACRES,,0.0,,,19.0,3.0,N,22.0,E,11,1903N22ECM,SW,1903N22ECM SW,NWSW
45B180B0-9296-E011-82A2-00155D28E806,4DE8E139-087C-E011-9CF3-00155D960C0A,5,4,4,SW,SWSW,0.5,36.96,00:00.0,,,F,1126-A,,ADMIN,29:19.8,ADMIN,29:19.8,Imported Location || LOT 4-SW/4 SW/4=36.96 ACRES,,0.0,,,19.0,3.0,N,22.0,E,11,1903N22ECM,SW,1903N22ECM SW,SWSW
D836A9B0-9296-E011-82A2-00155D28E806,7E4FD821-E47B-E011-9CF3-00155D960C0A,5,4,23,NW,NWNW,1.0,40.3,00:00.0,,,G,390-D,,ADMIN,29:19.8,ADMIN,29:19.8,"From Arnett intersection of Hwys 51 and 283, 7 miles East, 5 1/2 miles South, 1 mile East, 1 mile South and 1 1/2 miles East to SW corner of SE/4 of SEC 7 || LOT 1=NW/4 NW/4=40.30 ACRES",,0.0,,,7.0,18.0,N,22.0,W,17,0718N22WIM,NW,0718N22WIM NW,NWNW
0F4DA9B0-9296-E011-82A2-00155D28E806,1EDFE139-087C-E011-9CF3-00155D960C0A,5,4,40,NW,NWSW,0.5,39.62,00:00.0,,,F,2430,,ADMIN,29:19.8,ADMIN,29:19.8,Imported Location || LOT 3=NW/4 SW/4=39.62 ACRES,,0.0,,,31.0,9.0,N,25.0,E,17,3109N25EIM,SW,3109N25EIM SW,NWSW
C424D4B0-9296-E011-82A2-00155D28E806,ED52D821-E47B-E011-9CF3-00155D960C0A,5,4,70,NE,NENE,0.5,36.7,00:00.0,,,F,2730,,ADMIN,29:19.8,ADMIN,29:19.8,"From Mouser, 1 1/2 miles South and more than 1 mile East to NW corner of property || LOT 1=NE/4 NE/4=36.70 ACRES",,0.0,,,1.0,4.0,N,15.0,E,11,0104N15ECM,NE,0104N15ECM NE,NENE
C824D4B0-9296-E011-82A2-00155D28E806,F352D821-E47B-E011-9CF3-00155D960C0A,5,4,70,NE,NENW,1.0,39.84,00:00.0,,,F,2680,,ADMIN,29:19.8,ADMIN,29:19.8,"From the intersection of College Road and Hwy 95 North of Texhoma, 3 miles West to NW/C of lease || LOT 3=NE/4 NW/4=39.84 ACRES",,0.0,,,2.0,1.0,N,11.0,E,11,0201N11ECM,NW,0201N11ECM NW,NENW
D424D4B0-9296-E011-82A2-00155D28E806,ED52D821-E47B-E011-9CF3-00155D960C0A,5,4,70,NW,NWNE,0.5,36.61,00:00.0,,,F,2730,,ADMIN,29:19.8,ADMIN,29:19.8,"From Mouser, 1 1/2 miles South and more than 1 mile East to NW corner of property || LOT 2=NW/4 NE/4=36.61 ACRES",,0.0,,,1.0,4.0,N,15.0,E,11,0104N15ECM,NE,0104N15ECM NE,NWNE
D924D4B0-9296-E011-82A2-00155D28E806,F352D821-E47B-E011-9CF3-00155D960C0A,5,4,70,NW,NWNW,1.0,39.82,00:00.0,,,F,2680,,ADMIN,29:19.8,ADMIN,29:19.8,"From the intersection of College Road and Hwy 95 North of Texhoma, 3 miles West to NW/C of lease || LOT 4=NW/4 NW/4=39.82 ACRES",,0.0,,,2.0,1.0,N,11.0,E,11,0201N11ECM,NW,0201N11ECM NW,NWNW
BFA14EB0-9296-E011-82A2-00155D28E806,30ECE139-087C-E011-9CF3-00155D960C0A,5,4,1,NE,E/2 NE/4 NE/4,0.5,20.0,00:00.0,,,F,NONE,,ADMIN,29:19.8,ADMIN,29:19.8,Imported Location || ,,0.0,,,28.0,14.0,N,24.0,E,I,2814N24EIM,NE,2814N24EIM NE,E/2 NE/4 NE/4
C0A14EB0-9296-E011-82A2-00155D28E806,7CDDE139-087C-E011-9CF3-00155D960C0A,5,4,1,NE,NW/4 NE/4 NW/4,0.5,10.0,00:00.0,,,F,NONE,,ADMIN,29:19.8,ADMIN,29:19.8,Imported Location || ,,0.0,,,27.0,14.0,N,24.0,E,I,2714N24EIM,NW,2714N24EIM NW,NW/4 NE/4 NW/4
C1A14EB0-9296-E011-82A2-00155D28E806,85DDE139-087C-E011-9CF3-00155D960C0A,5,4,1,NE,SW/4 NE/4 SE/4,0.5,10.0,00:00.0,,,F,NONE,,ADMIN,29:19.8,ADMIN,29:19.8,Imported Location || ,,0.0,,,27.0,19.0,N,25.0,E,I,2719N25EIM,SE,2719N25EIM SE,SW/4 NE/4 SE/4
C2A14EB0-9296-E011-82A2-00155D28E806,7CDDE139-087C-E011-9CF3-00155D960C0A,5,4,1,NW,"NW/4 NW/4, LESS 1.67 ACRES FOR RR ROW",0.5,38.33,00:00.0,,,F,NONE,,ADMIN,29:19.8,ADMIN,29:19.8,Imported Location || ,,0.0,,,27.0,14.0,N,24.0,E,I,2714N24EIM,NW,2714N24EIM NW,"NW/4 NW/4, LESS 1.67 ACRES FOR RR ROW"
C4A14EB0-9296-E011-82A2-00155D28E806,58E9E139-087C-E011-9CF3-00155D960C0A,5,4,1,SE,E/2 SE/4 SE/4,0.5,20.0,00:00.0,,,F,NONE,,ADMIN,29:19.8,ADMIN,29:19.8,Imported Location || ,,0.0,,,21.0,14.0,N,24.0,E,I,2114N24EIM,SE,2114N24EIM SE,E/2 SE/4 SE/4
C5A14EB0-9296-E011-82A2-00155D28E806,85DDE139-087C-E011-9CF3-00155D960C0A,5,4,1,SE,W/2 SE/4 SE/4,0.5,20.0,00:00.0,,,F,NONE,,ADMIN,29:19.8,ADMIN,29:19.8,Imported Location || ,,0.0,,,27.0,19.0,N,25.0,E,I,2719N25EIM,SE,2719N25EIM SE,W/2 SE/4 SE/4
C6A14EB0-9296-E011-82A2-00155D28E806,BAE9E139-087C-E011-9CF3-00155D960C0A,5,4,1,SE,W/2 SE/4 SW/4,0.5,20.0,00:00.0,,,F,NONE,,ADMIN,29:19.8,ADMIN,29:19.8,Imported Location || ,,0.0,,,22.0,14.0,N,24.0,E,I,2214N24EIM,SW,2214N24EIM SW,W/2 SE/4 SW/4
C7A14EB0-9296-E011-82A2-00155D28E806,7CDDE139-087C-E011-9CF3-00155D960C0A,5,4,1,SW,"SW/4 NW/4, LESS 1.67 ACRES FOR RR ROW",0.5,38.33,00:00.0,,,F,NONE,,ADMIN,29:19.8,ADMIN,29:19.8,Imported Location || ,,0.0,,,27.0,14.0,N,24.0,E,I,2714N24EIM,NW,2714N24EIM NW,"SW/4 NW/4, LESS 1.67 ACRES FOR RR ROW"
C9A14EB0-9296-E011-82A2-00155D28E806,BAE9E139-087C-E011-9CF3-00155D960C0A,5,4,1,SW,"SW/4 SW/4, LESS 3.56 ACRES FOR RR ROW",0.5,36.44,00:00.0,,,F,NONE,,ADMIN,29:19.8,Sfleming,16:29.9,Imported Location || ,,0.0,,,22.0,14.0,N,24.0,E,I,2214N24EIM,SW,2214N24EIM SW,"SW/4 SW/4, LESS 3.56 ACRES FOR RR ROW"
97AA4EB0-9296-E011-82A2-00155D28E806,51D2E139-087C-E011-9CF3-00155D960C0A,5,4,7,NE,SE 10 ACRES OF ,,,,,,,,,,,,,,,,,,,,,,,,,,,SE 10 ACRES OF 
45AB4EB0-9296-E011-82A2-00155D28E806,51D2E139-087C-E011-9CF3-00155D960C0A,5,4,7,SE,E/2 SE/4 NW/4,0.5,20.0,00:00.0,,,F,578,,ADMIN,29:19.8,Sfleming,02:07.3,Imported Location || ,,0.0,,,3.0,5.0,S,11.0,E,I,0305S11EIM,NW,0305S11EIM NW,E/2 SE/4 NW/4
69AC4EB0-9296-E011-82A2-00155D28E806,9251D821-E47B-E011-9CF3-00155D960C0A,5,4,13,SW,PT OF LOT 1 A/K/A S/2 S/2 SW/4 SE/4,1.0,9.32,00:00.0,,,G,281-A,,ADMIN,29:19.8,ADMIN,29:19.8,"From Square in Boise City, 14 miles North and 5 miles East || LOT 1=PT. S/2 S/2 S/2 SE/4=18.64 ACRES",,0.0,,,7.0,6.0,N,6.0,E,C,0706N06ECM,SE,0706N06ECM SE,PT OF LOT 1 A/K/A S/2 S/2 SW/4 SE/4
6DAC4EB0-9296-E011-82A2-00155D28E806,9D51D821-E47B-E011-9CF3-00155D960C0A,5,4,13,SW,PT OF LOT 1 A/K/A S/2 S/2 SW/4 SE/4,1.0,9.32,00:00.0,,,G,281-B,,ADMIN,29:19.8,Sfleming,44:34.4,"From Square in Boise City, 14 miles North and 5 miles East || LOT 1=PT. S/2 S/2 S/2 SE/4=18.64 ACRES",,0.0,,,8.0,6.0,N,6.0,E,C,0806N06ECM,SE,0806N06ECM SE,PT OF LOT 1 A/K/A S/2 S/2 SW/4 SE/4
9BAC4EB0-9296-E011-82A2-00155D28E806,9F51D821-E47B-E011-9CF3-00155D960C0A,5,4,13,SW,PT OF LOT 1 A/K/A S/2 S/2 SW/4 SE/4,1.0,6.795,00:00.0,,,G,281-C,,ADMIN,29:19.8,ADMIN,29:19.8,"From Square in Boise City, 14 miles North and 5 miles East || LOT 1=PT. S/2 S/2 S/2 SE/4=13.59 ACRES",,0.0,,,9.0,6.0,N,6.0,E,C,0906N06ECM,SE,0906N06ECM SE,PT OF LOT 1 A/K/A S/2 S/2 SW/4 SE/4
A0AC4EB0-9296-E011-82A2-00155D28E806,A951D821-E47B-E011-9CF3-00155D960C0A,5,4,13,SW,PT OF LOT 1 A/K/A S/2 S/2 SW/4 SE/4,1.0,5.095,00:00.0,,,G,281-D,,ADMIN,29:19.8,Sfleming,54:00.0,"From square in Boise City, 14 miles North and 6 miles East to SW part of lease || LOT 1=PT. S/2 S/2 S/2 SE/4=10.19 ACRES",,0.0,,,10.0,6.0,N,6.0,E,C,1006N06ECM,SE,1006N06ECM SE,PT OF LOT 1 A/K/A S/2 S/2 SW/4 SE/4
A4AC4EB0-9296-E011-82A2-00155D28E806,AF51D821-E47B-E011-9CF3-00155D960C0A,5,4,13,SW,PT OF LOT 1 A/K/A PT. S/2 S/2 SW/4 SE/4,1.0,3.73,00:00.0,,,G,281-E,,ADMIN,29:19.8,ADMIN,29:19.8,"From square in Boise City, 14 miles North and 6 miles East to SW part of lease || LOT 1=PT. S/2 S/2 S/2 SE/4=7.46 ACRES",,0.0,,,11.0,6.0,N,6.0,E,C,1106N06ECM,SE,1106N06ECM SE,PT OF LOT 1 A/K/A PT. S/2 S/2 SW/4 SE/4
A7AC4EB0-9296-E011-82A2-00155D28E806,B151D821-E47B-E011-9CF3-00155D960C0A,5,4,13,SW,PT OF LOT 1 A/K/A PT. S/2 S/2 SW/4 SE/4,1.0,3.425,00:00.0,,,G,281-F,,ADMIN,29:19.8,ADMIN,29:19.8,"From square in Boise City, 14 miles North and 6 miles East to SW part of lease || LOT 1=PT. S/2 S/2 S/2 SE/4=6.85 ACRES",,0.0,,,12.0,6.0,N,6.0,E,C,1206N06ECM,SW SE,1206N06ECM SW SE,PT OF LOT 1 A/K/A PT. S/2 S/2 SW/4 SE/4
01AD4EB0-9296-E011-82A2-00155D28E806,7FD4E139-087C-E011-9CF3-00155D960C0A,5,4,13,SW,PT OF LOT 2 A/K/A S/2 S/2 SW/4 SW/4,1.0,8.73,00:00.0,,,G,281-A,,ADMIN,29:19.8,ADMIN,29:19.8,Imported Location || LOT 2=PT. S/2 S/2 S/2 SW/4=17.46 ACRES,,0.0,,,7.0,6.0,N,6.0,E,C,0706N06ECM,SW,0706N06ECM SW,PT OF LOT 2 A/K/A S/2 S/2 SW/4 SW/4
05AD4EB0-9296-E011-82A2-00155D28E806,E0D4E139-087C-E011-9CF3-00155D960C0A,5,4,13,SW,PT OF LOT 2 A/K/A S/2 S/2 SW/4 SW/4,1.0,9.12,00:00.0,,,G,281-B,,ADMIN,29:19.8,ADMIN,29:19.8,Imported Location || LOT 2=PT. S/2 S/2 S/2 SW/4=18.24 ACRES,,0.0,,,8.0,6.0,N,6.0,E,C,0806N06ECM,SW,0806N06ECM SW,PT OF LOT 2 A/K/A S/2 S/2 SW/4 SW/4
09AD4EB0-9296-E011-82A2-00155D28E806,3CD5E139-087C-E011-9CF3-00155D960C0A,5,4,13,SW,PT OF LOT 2 A/K/A S/2 S/2 SW/4 SW/4,1.0,7.56,00:00.0,,,G,281-C,,ADMIN,29:19.8,ADMIN,29:19.8,Imported Location || LOT 2=PT. S/2 S/2 S/2 SW/4=15.12 ACRES,,0.0,,,9.0,6.0,N,6.0,E,C,0906N06ECM,SW,0906N06ECM SW,PT OF LOT 2 A/K/A S/2 S/2 SW/4 SW/4
0EAD4EB0-9296-E011-82A2-00155D28E806,A6D5E139-087C-E011-9CF3-00155D960C0A,5,4,13,SW,PT OF LOT 2 A/K/A S/2 S/2 SW/4 SW/4,1.0,5.965,00:00.0,,,G,281-D,,ADMIN,29:19.8,Sfleming,54:16.5,Imported Location || LOT 2=PT. S/2 S/2 S/2 SW/4=11.93 ACRES,,0.0,,,10.0,6.0,N,6.0,E,C,1006N06ECM,SW,1006N06ECM SW,PT OF LOT 2 A/K/A S/2 S/2 SW/4 SW/4
12AD4EB0-9296-E011-82A2-00155D28E806,84E4E139-087C-E011-9CF3-00155D960C0A,5,4,13,SW,PT OF LOT 2 A/K/A PT. S/2 S/2 SW/4 SW/4,1.0,4.35,00:00.0,,,G,281-E,,ADMIN,29:19.8,ADMIN,29:19.8,Imported Location || LOT 2=PT. S/2 S/2 S/2 SW/4=8.70 ACRES,,0.0,,,11.0,6.0,N,6.0,E,C,1106N06ECM,SW,1106N06ECM SW,PT OF LOT 2 A/K/A PT. S/2 S/2 SW/4 SW/4
15AD4EB0-9296-E011-82A2-00155D28E806,E7E4E139-087C-E011-9CF3-00155D960C0A,5,4,13,SW,PT OF LOT 2 A/K/A PT. S/2 S/2 SW/4 SW/4,1.0,3.415,00:00.0,,,G,281-F,,ADMIN,29:19.8,ADMIN,29:19.8,Imported Location || LOT 2=PT. S/2 S/2 S/2 SW/4=6.83 ACRES,,0.0,,,12.0,6.0,N,6.0,E,C,1206N06ECM,SW SW,1206N06ECM SW SW,PT OF LOT 2 A/K/A PT. S/2 S/2 SW/4 SW/4
21BF4EB0-9296-E011-82A2-00155D28E806,F6E3E139-087C-E011-9CF3-00155D960C0A,5,4,3,NW,N/2 NW/4 SW/4,0.5,20.0,00:00.0,,,F,1681-A,,ADMIN,29:19.8,ADMIN,29:19.8,Imported Location || ,,0.0,,,10.0,2.0,S,11.0,E,I,1002S11EIM,SW,1002S11EIM SW,N/2 NW/4 SW/4
26BF4EB0-9296-E011-82A2-00155D28E806,C4E0E139-087C-E011-9CF3-00155D960C0A,5,4,3,SW,W/2 SW/4 SE/4; SE/4 SW/4 SE/4,0.5,30.0,00:00.0,,,F,1883,,ADMIN,29:19.8,ADMIN,29:19.8,Imported Location || ,,0.0,,,35.0,4.0,S,9.0,E,I,3504S09EIM,SE,3504S09EIM SE,W/2 SW/4 SE/4; SE/4 SW/4 SE/4
F1B080B0-9296-E011-82A2-00155D28E806,58EAE139-087C-E011-9CF3-00155D960C0A,5,4,4,,,0.0,0.0,00:00.0,00:00.0,,,,,ADMIN,29:19.8,Sfleming,44:51.4,Imported Location || ,,0.0,,,24.0,3.0,N,27.0,E,C,2403N27ECM,SW,2403N27ECM SW,
96B580B0-9296-E011-82A2-00155D28E806,44D5E139-087C-E011-9CF3-00155D960C0A,5,4,12,NE,W/2 NE/4 SE/4; THAT PART OF E/2 NE/4 SE/4 ,,,,,,,,,,,,,,,,,,,,,,,,,,,W/2 NE/4 SE/4; THAT PART OF E/2 NE/4 SE/4 
97B580B0-9296-E011-82A2-00155D28E806,44D5E139-087C-E011-9CF3-00155D960C0A,5,4,12,NW,S/2 NW/4 SE/4,0.5,20.0,00:00.0,,,F,2223,,ADMIN,29:19.8,ADMIN,29:19.8,Imported Location || ,,0.0,,,9.0,7.0,S,19.0,E,I,0907S19EIM,SE,0907S19EIM SE,S/2 NW/4 SE/4
99B580B0-9296-E011-82A2-00155D28E806,44D5E139-087C-E011-9CF3-00155D960C0A,5,4,12,SE,THAT PART OF W/2 SE/4 SE/4 LYING NORTH &,,,,,,,,,,,,,,,,,,,,,,,,,,,THAT PART OF W/2 SE/4 SE/4 LYING NORTH &
9AB580B0-9296-E011-82A2-00155D28E806,67EAE139-087C-E011-9CF3-00155D960C0A,5,4,12,SE,N/2 SE/4 SW/4,0.5,20.0,00:00.0,,,F,NONE,,ADMIN,29:19.8,ADMIN,29:19.8,Imported Location || ,,0.0,,,24.0,5.0,S,15.0,E,I,2405S15EIM,SW,2405S15EIM SW,N/2 SE/4 SW/4
FDB980B0-9296-E011-82A2-00155D28E806,B2D3E139-087C-E011-9CF3-00155D960C0A,5,4,7,NW,S/2 NW/4 SE/4,0.5,20.0,00:00.0,,,F,578,,ADMIN,29:19.8,ADMIN,29:19.8,Imported Location || ,,0.0,,,3.0,5.0,S,11.0,E,I,0305S11EIM,SE,0305S11EIM SE,S/2 NW/4 SE/4
06BA80B0-9296-E011-82A2-00155D28E806,DDEAE139-087C-E011-9CF3-00155D960C0A,5,4,7,SW,S/2 SW/4 SE/4,0.5,20.0,00:00.0,,,F,1078-A,,ADMIN,29:19.8,ADMIN,29:19.8,Imported Location || ,,0.0,,,25.0,5.0,S,12.0,E,I,2505S12EIM,SE,2505S12EIM SE,S/2 SW/4 SE/4
3EC480B0-9296-E011-82A2-00155D28E806,8CD1E139-087C-E011-9CF3-00155D960C0A,5,4,25,NE,NORTH 20.73 ACRES OF ,,,,,,,,,,,,,,,,,,,,,,,,,,,NORTH 20.73 ACRES OF 
3FC480B0-9296-E011-82A2-00155D28E806,8BD1E139-087C-E011-9CF3-00155D960C0A,5,4,25,NW,NORTH 20.91 ACRES AND SE 10 ACRES OF ,,,,,,,,,,,,,,,,,,,,,,,,,,,NORTH 20.91 ACRES AND SE 10 ACRES OF 
41C480B0-9296-E011-82A2-00155D28E806,8BD1E139-087C-E011-9CF3-00155D960C0A,5,4,25,SW,E/2 SW/4 NE/4,1.0,20.0,00:00.0,,,F,1101,,ADMIN,29:19.8,ADMIN,29:19.8,Imported Location || ,,0.0,,,3.0,2.0,N,1.0,W,I,0302N01WIM,NE,0302N01WIM NE,E/2 SW/4 NE/4
B7C680B0-9296-E011-82A2-00155D28E806,9251D821-E47B-E011-9CF3-00155D960C0A,5,4,13,SE,PT OF LOT 1 A/K/A S/2 S/2 SE/4 SE/4,1.0,9.32,00:00.0,,,G,281-A,,ADMIN,29:19.8,ADMIN,29:19.8,"From Square in Boise City, 14 miles North and 5 miles East || LOT 1=PT. S/2 S/2 S/2 SE/4=18.64 ACRES",,0.0,,,7.0,6.0,N,6.0,E,C,0706N06ECM,SE,0706N06ECM SE,PT OF LOT 1 A/K/A S/2 S/2 SE/4 SE/4
BBC680B0-9296-E011-82A2-00155D28E806,9D51D821-E47B-E011-9CF3-00155D960C0A,5,4,13,SE,PT OF LOT 1 A/K/A S/2 S/2 SE/4 SE/4,1.0,9.32,00:00.0,,,G,281-B,,ADMIN,29:19.8,Sfleming,44:20.9,"From Square in Boise City, 14 miles North and 5 miles East || LOT 1=PT. S/2 S/2 S/2 SE/4=18.64 ACRES",,0.0,,,8.0,6.0,N,6.0,E,C,0806N06ECM,SE,0806N06ECM SE,PT OF LOT 1 A/K/A S/2 S/2 SE/4 SE/4
BFC680B0-9296-E011-82A2-00155D28E806,9F51D821-E47B-E011-9CF3-00155D960C0A,5,4,13,SE,PT OF LOT 1 A/K/A S/2 S/2 SE/4 SE/4,1.0,6.795,00:00.0,,,G,281-C,,ADMIN,29:19.8,ADMIN,29:19.8,"From Square in Boise City, 14 miles North and 5 miles East || LOT 1=PT. S/2 S/2 S/2 SE/4=13.59 ACRES",,0.0,,,9.0,6.0,N,6.0,E,C,0906N06ECM,SE,0906N06ECM SE,PT OF LOT 1 A/K/A S/2 S/2 SE/4 SE/4
C4C680B0-9296-E011-82A2-00155D28E806,A951D821-E47B-E011-9CF3-00155D960C0A,5,4,13,SE,PT OF LOT 1 A/K/A S/2 S/2 SE/4 SE/4,1.0,5.095,00:00.0,,,G,281-D,,ADMIN,29:19.8,Sfleming,53:51.0,"From square in Boise City, 14 miles North and 6 miles East to SW part of lease || LOT 1=PT. S/2 S/2 S/2 SE/4=10.19 ACRES",,0.0,,,10.0,6.0,N,6.0,E,C,1006N06ECM,SE,1006N06ECM SE,PT OF LOT 1 A/K/A S/2 S/2 SE/4 SE/4
C8C680B0-9296-E011-82A2-00155D28E806,AF51D821-E47B-E011-9CF3-00155D960C0A,5,4,13,SE,PT OF LOT 1 A/K/A PT. S/2 S/2 SE/4 SE/4,1.0,3.73,00:00.0,,,G,281-E,,ADMIN,29:19.8,ADMIN,29:19.8,"From square in Boise City, 14 miles North and 6 miles East to SW part of lease || LOT 1=PT. S/2 S/2 S/2 SE/4=7.46 ACRES",,0.0,,,11.0,6.0,N,6.0,E,C,1106N06ECM,SE,1106N06ECM SE,PT OF LOT 1 A/K/A PT. S/2 S/2 SE/4 SE/4
CCC680B0-9296-E011-82A2-00155D28E806,B151D821-E47B-E011-9CF3-00155D960C0A,5,4,13,SE,PT OF LOT 1 A/K/A PT. S/2 S/2 SE/4 SE/4,1.0,3.425,00:00.0,,,G,281-F,,ADMIN,29:19.8,ADMIN,29:19.8,"From square in Boise City, 14 miles North and 6 miles East to SW part of lease || LOT 1=PT. S/2 S/2 S/2 SE/4=6.85 ACRES",,0.0,,,12.0,6.0,N,6.0,E,C,1206N06ECM,SE SE,1206N06ECM SE SE,PT OF LOT 1 A/K/A PT. S/2 S/2 SE/4 SE/4
27C780B0-9296-E011-82A2-00155D28E806,7FD4E139-087C-E011-9CF3-00155D960C0A,5,4,13,SE,PT OF LOT 2 A/K/A S/2 S/2 SE/4 SW/4,1.0,8.73,00:00.0,,,G,281-A,,ADMIN,29:19.8,ADMIN,29:19.8,Imported Location || LOT 2=PT. S/2 S/2 S/2 SW/4=17.46 ACRES,,0.0,,,7.0,6.0,N,6.0,E,C,0706N06ECM,SW,0706N06ECM SW,PT OF LOT 2 A/K/A S/2 S/2 SE/4 SW/4
2BC780B0-9296-E011-82A2-00155D28E806,E0D4E139-087C-E011-9CF3-00155D960C0A,5,4,13,SE,PT OF LOT 2 A/K/A S/2 S/2 SE/4 SW/4,1.0,9.12,00:00.0,,,G,281-B,,ADMIN,29:19.8,ADMIN,29:19.8,Imported Location || LOT 2=PT. S/2 S/2 S/2 SW/4=18.24 ACRES,,0.0,,,8.0,6.0,N,6.0,E,C,0806N06ECM,SW,0806N06ECM SW,PT OF LOT 2 A/K/A S/2 S/2 SE/4 SW/4
2EC780B0-9296-E011-82A2-00155D28E806,3CD5E139-087C-E011-9CF3-00155D960C0A,5,4,13,SE,PT OF LOT 2 A/K/A S/2 S/2 SE/4 SW/4,1.0,7.56,00:00.0,,,G,281-C,,ADMIN,29:19.8,Sfleming,48:50.8,Imported Location || LOT 2=PT. S/2 S/2 S/2 SW/4=15.12 ACRES,,0.0,,,9.0,6.0,N,6.0,E,C,0906N06ECM,SW,0906N06ECM SW,PT OF LOT 2 A/K/A S/2 S/2 SE/4 SW/4
33C780B0-9296-E011-82A2-00155D28E806,A6D5E139-087C-E011-9CF3-00155D960C0A,5,4,13,SE,PT OF LOT 2 A/K/A S/2 S/2 SE/4 SW/4,1.0,5.965,00:00.0,,,G,281-D,,ADMIN,29:19.8,Sfleming,54:08.7,Imported Location || LOT 2=PT. S/2 S/2 S/2 SW/4=11.93 ACRES,,0.0,,,10.0,6.0,N,6.0,E,C,1006N06ECM,SW,1006N06ECM SW,PT OF LOT 2 A/K/A S/2 S/2 SE/4 SW/4
37C780B0-9296-E011-82A2-00155D28E806,84E4E139-087C-E011-9CF3-00155D960C0A,5,4,13,SE,PT OF LOT 2 A/K/A PT. S/2 S/2 SE/4 SW/4,1.0,4.35,00:00.0,,,G,281-E,,ADMIN,29:19.8,ADMIN,29:19.8,Imported Location || LOT 2=PT. S/2 S/2 S/2 SW/4=8.70 ACRES,,0.0,,,11.0,6.0,N,6.0,E,C,1106N06ECM,SW,1106N06ECM SW,PT OF LOT 2 A/K/A PT. S/2 S/2 SE/4 SW/4
3BC780B0-9296-E011-82A2-00155D28E806,E7E4E139-087C-E011-9CF3-00155D960C0A,5,4,13,SE,PT OF LOT 2 A/K/A S/2 S/2 SE/4 SW/4,1.0,3.415,00:00.0,,,G,281-F,,ADMIN,29:19.8,ADMIN,29:19.8,Imported Location || LOT 2=PT. S/2 S/2 S/2 SW/4=6.83 ACRES,,0.0,,,12.0,6.0,N,6.0,E,C,1206N06ECM,SE SW,1206N06ECM SE SW,PT OF LOT 2 A/K/A S/2 S/2 SE/4 SW/4
EA41A9B0-9296-E011-82A2-00155D28E806,87ECE139-087C-E011-9CF3-00155D960C0A,5,4,31,SW,N/2 SW/4 NW/4; SW/4 SW/4 NW/4,0.5,30.0,00:00.0,,,F,1692,,ADMIN,29:19.8,ADMIN,29:19.8,Imported Location || ,,0.0,,,29.0,9.0,N,19.0,E,I,2909N19EIM,NW,2909N19EIM NW,N/2 SW/4 NW/4; SW/4 SW/4 NW/4
1218D4B0-9296-E011-82A2-00155D28E806,1CEBE139-087C-E011-9CF3-00155D960C0A,5,4,53,NE,E/2 NE/4 NE/4,0.5,20.0,00:00.0,,,F,NONE,,ADMIN,29:19.8,ADMIN,29:19.8,Imported Location || ,,0.0,,,25.0,27.0,N,17.0,E,I,2527N17EIM,NE,2527N17EIM NE,E/2 NE/4 NE/4
E123D4B0-9296-E011-82A2-00155D28E806,14D5E139-087C-E011-9CF3-00155D960C0A,5,4,66,SE,W/2 SE/4 NE/4,0.5,20.0,00:00.0,,,F,394-B,,ADMIN,29:19.8,ADMIN,29:19.8,Imported Location || ,,0.0,,,8.0,21.0,N,15.0,E,I,0821N15EIM,NE,0821N15EIM NE,W/2 SE/4 NE/4
E623D4B0-9296-E011-82A2-00155D28E806,6BD5E139-087C-E011-9CF3-00155D960C0A,5,4,66,SW,W/2 SW/4 NE/4,1.0,20.0,00:00.0,,,F,2397,,ADMIN,29:19.8,ADMIN,29:19.8,Imported Location || ,,0.0,,,9.0,21.0,N,15.0,E,I,0921N15EIM,NE,0921N15EIM NE,W/2 SW/4 NE/4
E723D4B0-9296-E011-82A2-00155D28E806,6AE9E139-087C-E011-9CF3-00155D960C0A,5,4,66,SW,E/2 SW/4 SW/4,0.5,20.0,00:00.0,,,F,NONE,,ADMIN,29:19.8,ADMIN,29:19.8,Imported Location || ,,0.0,,,21.0,24.0,N,18.0,E,I,2124N18EIM,SW,2124N18EIM SW,E/2 SW/4 SW/4
0725D4B0-9296-E011-82A2-00155D28E806,6FFAF709-E47B-E011-9CF3-00155D960C0A,5,4,70,,,0.0,0.0,00:00.0,00:00.0,,,,,ADMIN,29:19.8,Sfleming,18:34.2,"From intersection of Hwy 95 and College Road, North of Texhoma, 3 miles West and 1 mile South to NE corner of lease || ",,0.0,,,11.0,1.0,N,11.0,E,C,1101N11ECM,SW,1101N11ECM SW,
122BD4B0-9296-E011-82A2-00155D28E806,D5E8E139-087C-E011-9CF3-00155D960C0A,5,4,75,NW,"NW/4 SW/4, LESS 5.6 ACRES IN NW CORNER",1.0,34.4,00:00.0,,,F,1593-C,,ADMIN,29:19.8,Sfleming,23:33.4,Imported Location || THERE IS A 5.6 ACRE TRACT OUT OF N/2 SW/4 DESCRIBED AS FOLLOWS:  BEGINNING AT A POINT 50 RODS S OF THE NW,,,,,,,,,,,,,,"NW/4 SW/4, LESS 5.6 ACRES IN NW CORNER"
826474D5-B04B-E311-9FDA-00155D28EA07,,5,4,6,NE,ALL THAT PART OF LOT 1 A/K/A SW/4 NW/4 ,,,,,,,,,,,,,,,,,,,,,,,,,,,ALL THAT PART OF LOT 1 A/K/A SW/4 NW/4 
0B4DA9B0-9296-E011-82A2-00155D28E806,1EDFE139-087C-E011-9CF3-00155D960C0A,5,4,40,NE,W/2 NE/4 SW/4,0.5,20.0,00:00.0,,,F,2430,,ADMIN,29:19.8,ADMIN,29:19.8,Imported Location || ,,0.0,,,31.0,9.0,N,25.0,E,I,3109N25EIM,SW,3109N25EIM SW,W/2 NE/4 SW/4
0C4DA9B0-9296-E011-82A2-00155D28E806,DFDBE139-087C-E011-9CF3-00155D960C0A,5,4,40,NW,A 23.6 ACRE TRACT IN NW/4 NW/4,0.5,23.6,00:00.0,,,F,389-B,,ADMIN,29:19.8,ADMIN,29:19.8,Imported Location || ,,0.0,,,23.0,9.0,N,26.0,E,I,2309N26EIM,NW,2309N26EIM NW,A 23.6 ACRE TRACT IN NW/4 NW/4
114DA9B0-9296-E011-82A2-00155D28E806,3ADAE139-087C-E011-9CF3-00155D960C0A,5,4,40,SW,S/2 SW/4 NW/4,0.5,20.0,00:00.0,,,F,2566,,ADMIN,29:19.8,Sfleming,42:03.2,Imported Location || ,,0.0,,,19.0,6.0,N,27.0,E,I,1906N27EIM,NW,1906N27EIM NW,S/2 SW/4 NW/4
